Length,TWV,Num.Instances
1,0.359836494389218,28
2,0.550285227857106,215
3,0.554431712705741,100
4,0.542813004743024,104
5,0.383966319651647,30
6,0.197209944167492,10
7,0,1

